{
	"description": "<p>HDViet – Xem phim online miễn phí chất lượng cao full HD, visit <a href=\"http://movies.hdviet.com\">http://movies.hdviet.com</a>",
	"author": "tvhung83",
	"homepage": "http://github.com/tvhung83/hdhub-repository",
	"title": "HDViet",
	"synopsis": "HDViet – Xem phim online miễn phí chất lượng cao full HD",
	"version": "0.1.1",
	"file": "hdv.js",
	"showtimeVersion": "5.0",
	"type": "ecmascript",
	"id": "HDViet",
	"icon": "logo.png",
	"category": "video"
}
