{
	"description": "Phim online, xem phim thuyết minh lồng tiếng - TVHAY",
	"author": "tvhung83",
	"homepage": "http://github.com/tvhung83/movian-plugin-tvhay",
	"title": "TVHay",
	"synopsis": "Xem phim online hay, xem phim nhanh nhất. TvHay.Org cập nhật liên tục các bộ phim hành động thuyết minh, hàn quốc lồng tiếng, võ thuật đang HOT nhất, xem phim chất lượng HD miễn phí",
	"version": "0.0.1",
	"file": "tvhay.js",
	"showtimeVersion": "5.0",
	"type": "ecmascript",
	"id": "TVHay",
	"icon": "logo.png",
	"category": "video"
}
