{
  "description": "Kênh giải trí, xem trực tiếp bóng đá , hơn 80 kênh truyền hình, phim cập nhật mới liên tục, Tốc độ truyền tải nhanh, mượt trên mọi mạng viễn thông & di động.",
  "author": "Robert Nguyen",
  "title": "FPT Play",
  "synopsis": "Youtube: Broadcast Yourself",
  "version": "0.0.2-SNAPSHOT",
  "file": "fpt.js",
  "showtimeVersion": "5.0.462",
  "type": "ecmascript",
  "id": "fpt",
  "icon": "fpt-play.png",
  "category": "video",
  "apiversion": 2,
  "control": {
    "uriprefixes": ["fptplay:",
                    "http://fptplay.net/",
                    "https://fptplay.net/",
                    "http://www.fptplay.net/",
                    "https://www.fptplay.net/"]
  }
}
