{
	"description": "Phim hay 2015 được cập nhật các phim HD có chất lượng cao, Bạn có thể Xem Phim Online trên nhiều thiết bị và xem phim nhanh, visit <a href=\"http://hdonline.vn\">http://hdonline.vn</a>",
	"author": "tvhung83",
	"homepage": "http://github.com/tvhung83/hdhub-repository",
	"title": "HDOnline",
	"synopsis": "HDOnline – Xem phim online miễn phí chất lượng cao full HD",
	"version": "0.0.1",
	"file": "hdo.js",
	"showtimeVersion": "5.0",
	"type": "ecmascript",
	"id": "HDOnline",
	"icon": "logo.png",
	"category": "video"
}
